{
  "accuracy": 0.6242038216560509,
  "precision": 0.7022547976620236,
  "recall": 0.6489518306419714,
  "f1_score": 0.6506183442565225
}