{
  "accuracy": 0.8539228435197226,
  "precision": 0.8557146491173909,
  "recall": 0.8420449845485399,
  "f1_score": 0.8442923164793557
}